AAS 100,AAS 200,AAS 201,AAS 275,AAS 283,AAS 286,AAS 297,AAS 300,AAS 310,AAS 355,AAS 357,AAS 465,AAS 590
ABE 128,ABE 152,ABE 199,ABE 225,ABE 226,ABE 232,ABE 341,ABE 361,ABE 397,ABE 425,ABE 452,ABE 454,ABE 456,ABE 469,ABE 483,ABE 497,ABE 498,ABE 532,ABE 594,ABE 597,ABE 599
ACCY 199,ACCY 200,ACCY 201,ACCY 202,ACCY 290,ACCY 301,ACCY 302,ACCY 303,ACCY 304,ACCY 312,ACCY 321,ACCY 375,ACCY 398,ACCY 405,ACCY 410,ACCY 449,ACCY 451,ACCY 499,ACCY 500,ACCY 501,ACCY 502,ACCY 503,ACCY 506,ACCY 507,ACCY 510,ACCY 512,ACCY 515,ACCY 516,ACCY 517,ACCY 518,ACCY 519,ACCY 550,ACCY 551,ACCY 552,ACCY 554,ACCY 570,ACCY 571,ACCY 574,ACCY 575,ACCY 576,ACCY 577,ACCY 578,ACCY 590,ACCY 593,ACCY 594,ACCY 599
ACE 100,ACE 161,ACE 199,ACE 210,ACE 221,ACE 231,ACE 232,ACE 240,ACE 251,ACE 254,ACE 262,ACE 264,ACE 270,ACE 291,ACE 293,ACE 294,ACE 295,ACE 300,ACE 306,ACE 310,ACE 321,ACE 344,ACE 345,ACE 349,ACE 360,ACE 396,ACE 398,ACE 403,ACE 410,ACE 427,ACE 428,ACE 430,ACE 432,ACE 435,ACE 436,ACE 440,ACE 441,ACE 444,ACE 446,ACE 449,ACE 451,ACE 456,ACE 474,ACE 476,ACE 499,ACE 502,ACE 503,ACE 510,ACE 530,ACE 531,ACE 544,ACE 545,ACE 561,ACE 563,ACE 591,ACE 592,ACE 594,ACE 599
ACES 102,ACES 199,ACES 200,ACES 293,ACES 295,ACES 298,ACES 299,ACES 396
ADV 150,ADV 175,ADV 199,ADV 200,ADV 201,ADV 250,ADV 270,ADV 281,ADV 284,ADV 290,ADV 301,ADV 310,ADV 314,ADV 320,ADV 350,ADV 360,ADV 370,ADV 390,ADV 392,ADV 393,ADV 396,ADV 399,ADV 400,ADV 409,ADV 410,ADV 454,ADV 461,ADV 480,ADV 483,ADV 490,ADV 492,ADV 494,ADV 495,ADV 498,ADV 509,ADV 582,ADV 588,ADV 590,ADV 594,ADV 598,ADV 599
AE 140,AE 199,AE 202,AE 298,AE 311,AE 312,AE 321,AE 323,AE 352,AE 353,AE 370,AE 395,AE 396,AE 397,AE 398,AE 410,AE 419,AE 420,AE 428,AE 434,AE 435,AE 443,AE 461,AE 482,AE 484,AE 497,AE 498,AE 508,AE 510,AE 522,AE 543,AE 556,AE 590,AE 597,AE 598,AE 599
AFAS 102,AFAS 112,AFAS 222,AFAS 332,AFAS 342
AFRO 100,AFRO 122,AFRO 132,AFRO 201,AFRO 220,AFRO 221,AFRO 224,AFRO 226,AFRO 228,AFRO 259,AFRO 260,AFRO 276,AFRO 298,AFRO 310,AFRO 340,AFRO 342,AFRO 378,AFRO 380,AFRO 398,AFRO 421,AFRO 465,AFRO 482,AFRO 495,AFRO 598
AFST 199,AFST 232,AFST 233,AFST 242,AFST 252,AFST 254,AFST 412,AFST 434,AFST 436,AFST 444,AFST 446,AFST 490,AFST 515,AFST 522,AFST 550,AFST 599
AGCM 199,AGCM 220,AGCM 310,AGCM 380,AGCM 398,AGCM 420,AGCM 495
AGED 199,AGED 250,AGED 410,AGED 420,AGED 450
AHS 125,AHS 199,AHS 292,AHS 375,AHS 494
AIS 101,AIS 265,AIS 285,AIS 357,AIS 451,AIS 459,AIS 491,AIS 501,AIS 503
ALEC 393,ALEC 490,ALEC 491,ALEC 492,ALEC 505
ANSC 100,ANSC 101,ANSC 103,ANSC 110,ANSC 199,ANSC 201,ANSC 205,ANSC 207,ANSC 210,ANSC 211,ANSC 215,ANSC 223,ANSC 224,ANSC 250,ANSC 255,ANSC 298,ANSC 301,ANSC 306,ANSC 360,ANSC 363,ANSC 366,ANSC 398,ANSC 402,ANSC 403,ANSC 404,ANSC 407,ANSC 409,ANSC 438,ANSC 442,ANSC 446,ANSC 450,ANSC 451,ANSC 460,ANSC 464,ANSC 498,ANSC 499,ANSC 520,ANSC 521,ANSC 525,ANSC 526,ANSC 543,ANSC 590,ANSC 591,ANSC 593,ANSC 599
ANTH 101,ANTH 103,ANTH 109,ANTH 110,ANTH 126,ANTH 180,ANTH 199,ANTH 209,ANTH 210,ANTH 221,ANTH 230,ANTH 240,ANTH 243,ANTH 246,ANTH 249,ANTH 250,ANTH 268,ANTH 270,ANTH 272,ANTH 278,ANTH 285,ANTH 310,ANTH 342,ANTH 346,ANTH 351,ANTH 352,ANTH 361,ANTH 370,ANTH 390,ANTH 411,ANTH 420,ANTH 432,ANTH 436,ANTH 444,ANTH 445,ANTH 447,ANTH 450,ANTH 454,ANTH 455,ANTH 459,ANTH 468,ANTH 477,ANTH 481,ANTH 495,ANTH 496,ANTH 497,ANTH 499,ANTH 515,ANTH 540,ANTH 570,ANTH 589,ANTH 590,ANTH 599
ARAB 150,ARAB 202,ARAB 404,ARAB 406,ARAB 408
ARCH 172,ARCH 199,ARCH 232,ARCH 274,ARCH 314,ARCH 372,ARCH 401,ARCH 409,ARCH 415,ARCH 416,ARCH 435,ARCH 468,ARCH 472,ARCH 474,ARCH 482,ARCH 484,ARCH 490,ARCH 491,ARCH 499,ARCH 501,ARCH 510,ARCH 517,ARCH 522,ARCH 537,ARCH 538,ARCH 554,ARCH 560,ARCH 571,ARCH 572,ARCH 573,ARCH 574,ARCH 575,ARCH 576,ARCH 590,ARCH 591,ARCH 592,ARCH 593,ARCH 594,ARCH 595,ARCH 597,ARCH 599
ART 102,ART 103,ART 140,ART 150,ART 156,ART 160,ART 191,ART 199
ARTD 101,ARTD 151,ARTD 202,ARTD 217,ARTD 218,ARTD 228,ARTD 302,ARTD 317,ARTD 326,ARTD 328,ARTD 333,ARTD 391,ARTD 399,ARTD 402,ARTD 418,ARTD 420,ARTD 426,ARTD 444,ARTD 448,ARTD 471,ARTD 499,ARTD 503,ARTD 551,ARTD 591,ARTD 595,ARTD 599
ARTE 101,ARTE 260,ARTE 301,ARTE 391,ARTE 393,ARTE 401,ARTE 480,ARTE 501,ARTE 505,ARTE 591,ARTE 599
ARTF 104,ARTF 106,ARTF 199
ARTH 110,ARTH 211,ARTH 214,ARTH 235,ARTH 299,ARTH 391,ARTH 403,ARTH 413,ARTH 416,ARTH 443,ARTH 489,ARTH 490,ARTH 491,ARTH 540,ARTH 591,ARTH 599
ARTJ 101,ARTJ 199,ARTJ 209,ARTJ 299,ARTJ 301,ARTJ 302,ARTJ 391,ARTJ 397,ARTJ 398
ARTS 205,ARTS 210,ARTS 220,ARTS 221,ARTS 241,ARTS 243,ARTS 244,ARTS 250,ARTS 251,ARTS 264,ARTS 265,ARTS 266,ARTS 267,ARTS 280,ARTS 299,ARTS 320,ARTS 354,ARTS 365,ARTS 381,ARTS 391,ARTS 392,ARTS 405,ARTS 420,ARTS 451,ARTS 454,ARTS 461,ARTS 499,ARTS 591,ARTS 593,ARTS 595
ASRM 199,ASRM 210,ASRM 392,ASRM 398,ASRM 401,ASRM 406,ASRM 409,ASRM 441,ASRM 442,ASRM 450,ASRM 451,ASRM 453,ASRM 461,ASRM 469,ASRM 471,ASRM 472,ASRM 499,ASRM 539,ASRM 551,ASRM 555,ASRM 575,ASRM 593,ASRM 595,ASRM 598
ASST 199,ASST 208,ASST 390
ASTR 100,ASTR 121,ASTR 122,ASTR 210,ASTR 310,ASTR 330,ASTR 390,ASTR 405,ASTR 414,ASTR 490,ASTR 504,ASTR 590,ASTR 593,ASTR 596,ASTR 599
ATMS 100,ATMS 120,ATMS 140,ATMS 199,ATMS 201,ATMS 202,ATMS 207,ATMS 304,ATMS 306,ATMS 307,ATMS 313,ATMS 314,ATMS 322,ATMS 420,ATMS 490,ATMS 491,ATMS 492,ATMS 502,ATMS 505,ATMS 507,ATMS 517,ATMS 523,ATMS 526,ATMS 590,ATMS 591,ATMS 596,ATMS 597,ATMS 599
BADM 199,BADM 205,BADM 210,BADM 211,BADM 275,BADM 300,BADM 303,BADM 310,BADM 311,BADM 312,BADM 313,BADM 314,BADM 320,BADM 322,BADM 323,BADM 324,BADM 325,BADM 329,BADM 330,BADM 331,BADM 335,BADM 337,BADM 338,BADM 340,BADM 346,BADM 350,BADM 351,BADM 352,BADM 353,BADM 356,BADM 358,BADM 359,BADM 366,BADM 370,BADM 371,BADM 374,BADM 375,BADM 378,BADM 379,BADM 380,BADM 381,BADM 382,BADM 383,BADM 394,BADM 395,BADM 403,BADM 420,BADM 445,BADM 446,BADM 449,BADM 453,BADM 461,BADM 464,BADM 508,BADM 509,BADM 512,BADM 519,BADM 520,BADM 525,BADM 527,BADM 528,BADM 537,BADM 543,BADM 544,BADM 545,BADM 547,BADM 550,BADM 554,BADM 555,BADM 558,BADM 561,BADM 566,BADM 567,BADM 572,BADM 573,BADM 575,BADM 576,BADM 583,BADM 584,BADM 588,BADM 589,BADM 590,BADM 591,BADM 593,BADM 594,BADM 599
BASQ 402
BCOG 200
BCS 102,BCS 115,BCS 199,BCS 202,BCS 302
BDI 199,BDI 367,BDI 411,BDI 475,BDI 513
BIOC 199,BIOC 290,BIOC 446,BIOC 455,BIOC 492,BIOC 590,BIOC 595,BIOC 599
BIOE 120,BIOE 200,BIOE 202,BIOE 205,BIOE 210,BIOE 297,BIOE 303,BIOE 310,BIOE 360,BIOE 397,BIOE 400,BIOE 414,BIOE 415,BIOE 416,BIOE 460,BIOE 467,BIOE 479,BIOE 481,BIOE 484,BIOE 486,BIOE 487,BIOE 497,BIOE 498,BIOE 499,BIOE 500,BIOE 570,BIOE 572,BIOE 574,BIOE 575,BIOE 580,BIOE 588,BIOE 597,BIOE 598,BIOE 599

BIOP 586,BIOP 590,BIOP 595,BIOP 599
BSE 600,BSE 601,BSE 602,BSE 634,BSE 635,BSE 636,BSE 644,BSE 645,BSE 655,BSE 660,BSE 666,BSE 680,BSE 685,BSE 686,BSE 700,BSE 701,BSE 702,BSE 703,BSE 704,BSE 705,BSE 706,BSE 707,BSE 708,BSE 710,BSE 711,BSE 720,BSE 721,BSE 730,BSE 732,BSE 735,BSE 736,BSE 737,BSE 738,BSE 739
BTW 199,BTW 250,BTW 261,BTW 263,BTW 271,BTW 279,BTW 280,BTW 285,BTW 290,BTW 402,BTW 490

BUS 116,BUS 199,BUS 201,BUS 299,BUS 301,BUS 302,BUS 399,BUS 401
CAS 587

CB 290,CB 514,CB 516,CB 554,CB 590,CB 591,CB 592,CB 596,CB 599,CB 692
CDB 590,CDB 595,CDB 599
CEE 201,CEE 202,CEE 300,CEE 310,CEE 320,CEE 330,CEE 350,CEE 360,CEE 380,CEE 407,CEE 411,CEE 415,CEE 418,CEE 419,CEE 420,CEE 421,CEE 433,CEE 437,CEE 438,CEE 440,CEE 447,CEE 449,CEE 452,CEE 453,CEE 460,CEE 461,CEE 462,CEE 465,CEE 470,CEE 483,CEE 484,CEE 490,CEE 491,CEE 497,CEE 498,CEE 502,CEE 505,CEE 515,CEE 528,CEE 537,CEE 538,CEE 554,CEE 556,CEE 557,CEE 560,CEE 562,CEE 570,CEE 573,CEE 580,CEE 592,CEE 593,CEE 595,CEE 597,CEE 598,CEE 599
CHBE 121,CHBE 199,CHBE 202,CHBE 210,CHBE 221,CHBE 297,CHBE 321,CHBE 397,CHBE 421,CHBE 422,CHBE 424,CHBE 430,CHBE 431,CHBE 440,CHBE 458,CHBE 459,CHBE 461,CHBE 471,CHBE 481,CHBE 494,CHBE 497,CHBE 499,CHBE 510,CHBE 513,CHBE 522,CHBE 523,CHBE 565,CHBE 571,CHBE 593,CHBE 594,CHBE 597,CHBE 598,CHBE 599
CHEM 101,CHEM 102,CHEM 103,CHEM 104,CHEM 105,CHEM 108,CHEM 197,CHEM 199,CHEM 204,CHEM 205,CHEM 232,CHEM 233,CHEM 236,CHEM 237,CHEM 293,CHEM 295,CHEM 297,CHEM 312,CHEM 315,CHEM 332,CHEM 360,CHEM 397,CHEM 420,CHEM 436,CHEM 437,CHEM 440,CHEM 442,CHEM 444,CHEM 445,CHEM 447,CHEM 472,CHEM 482,CHEM 483,CHEM 492,CHEM 494,CHEM 497,CHEM 499,CHEM 515,CHEM 516,CHEM 518,CHEM 524,CHEM 525,CHEM 530,CHEM 535,CHEM 538,CHEM 542,CHEM 545,CHEM 546,CHEM 572,CHEM 575,CHEM 585,CHEM 588,CHEM 590,CHEM 593,CHEM 595,CHEM 599
CHIN 201,CHIN 202,CHIN 203,CHIN 204,CHIN 242,CHIN 306,CHIN 408,CHIN 441,CHIN 490
CHLH 100,CHLH 101,CHLH 125,CHLH 126,CHLH 127,CHLH 199,CHLH 200,CHLH 201,CHLH 203,CHLH 206,CHLH 210,CHLH 243,CHLH 244,CHLH 250,CHLH 260,CHLH 274,CHLH 304,CHLH 330,CHLH 380,CHLH 393,CHLH 402,CHLH 404,CHLH 409,CHLH 410,CHLH 411,CHLH 413,CHLH 415,CHLH 421,CHLH 439,CHLH 441,CHLH 444,CHLH 448,CHLH 455,CHLH 457,CHLH 458,CHLH 465,CHLH 469,CHLH 472,CHLH 473,CHLH 485,CHLH 494,CHLH 541,CHLH 550,CHLH 551,CHLH 553,CHLH 554,CHLH 555,CHLH 569,CHLH 573,CHLH 577,CHLH 578,CHLH 581,CHLH 582,CHLH 587,CHLH 589,CHLH 591,CHLH 593,CHLH 599
CHP 395
CIC 500
CI 205,CI 210,CI 395,CI 401,CI 404,CI 407,CI 415,CI 420,CI 424,CI 431,CI 432,CI 435,CI 438,CI 443,CI 444,CI 445,CI 446,CI 447,CI 448,CI 451,CI 453,CI 465,CI 466,CI 473,CI 475,CI 477,CI 487,CI 488,CI 499,CI 501,CI 502,CI 517,CI 521,CI 544,CI 545,CI 550,CI 565,CI 570,CI 580,CI 590,CI 591,CI 595,CI 599
CLCV 100,CLCV 102,CLCV 111,CLCV 115,CLCV 116,CLCV 120,CLCV 132,CLCV 199,CLCV 203,CLCV 220,CLCV 224,CLCV 231,CLCV 444,CLCV 450,CLCV 492
CLE 610,CLE 613,CLE 631,CLE 645,CLE 650,CLE 655,CLE 660,CLE 665,CLE 670,CLE 675,CLE 680,CLE 681,CLE 683,CLE 684,CLE 685,CLE 686,CLE 687,CLE 688,CLE 689,CLE 690,CLE 692,CLE 693,CLE 694,CLE 695,CLE 696,CLE 697,CLE 702,CLE 704,CLE 706,CLE 707,CLE 713,CLE 714,CLE 715,CLE 716,CLE 717,CLE 718,CLE 719,CLE 720,CLE 721,CLE 730,CLE 731,CLE 732,CLE 733,CLE 736,CLE 737,CLE 738,CLE 739,CLE 740,CLE 741,CLE 742,CLE 743,CLE 744,CLE 745,CLE 746,CLE 748,CLE 750,CLE 751,CLE 752,CLE 753,CLE 764,CLE 765,CLE 771,CLE 772,CLE 773,CLE 774,CLE 775,CLE 776,CLE 777,CLE 778,CLE 779,CLE 780,CLE 781,CLE 782,CLE 783,CLE 784,CLE 786,CLE 788,CLE 789,CLE 790,CLE 793,CLE 794,CLE 795,CLE 796,CLE 797,CLE 799
CMN 101,CMN 102,CMN 112,CMN 204,CMN 210,CMN 211,CMN 212,CMN 213,CMN 214,CMN 215,CMN 220,CMN 230,CMN 232,CMN 250,CMN 260,CMN 277,CMN 304,CMN 321,CMN 323,CMN 324,CMN 326,CMN 327,CMN 328,CMN 336,CMN 345,CMN 361,CMN 368,CMN 375,CMN 390,CMN 396,CMN 410,CMN 432,CMN 462,CMN 465,CMN 467,CMN 491,CMN 493,CMN 496,CMN 505,CMN 508,CMN 529,CMN 538,CMN 575,CMN 595,CMN 599
CPSC 113,CPSC 116,CPSC 180,CPSC 212,CPSC 241,CPSC 261,CPSC 265,CPSC 393,CPSC 396,CPSC 418,CPSC 431,CPSC 436,CPSC 453,CPSC 480,CPSC 481,CPSC 488,CPSC 491,CPSC 499,CPSC 505,CPSC 518,CPSC 527,CPSC 540,CPSC 543,CPSC 554,CPSC 566,CPSC 567,CPSC 591,CPSC 593,CPSC 598,CPSC 599
CS 101,CS 102,CS 105,CS 107,CS 124,CS 128,CS 173,CS 199,CS 210,CS 211,CS 222,CS 225,CS 233,CS 277,CS 307,CS 340,CS 341,CS 357,CS 361,CS 374,CS 397,CS 402,CS 403,CS 407,CS 410,CS 411,CS 412,CS 413,CS 415,CS 421,CS 425,CS 431,CS 433,CS 434,CS 435,CS 437,CS 438,CS 440,CS 441,CS 443,CS 444,CS 445,CS 446,CS 448,CS 450,CS 461,CS 463,CS 467,CS 468,CS 473,CS 477,CS 482,CS 483,CS 484,CS 491,CS 493,CS 494,CS 497,CS 498,CS 499,CS 500,CS 510,CS 511,CS 512,CS 521,CS 522,CS 523,CS 524,CS 525,CS 526,CS 527,CS 533,CS 534,CS 543,CS 544,CS 555,CS 562,CS 565,CS 568,CS 571,CS 574,CS 576,CS 584,CS 586,CS 588,CS 591,CS 597,CS 598,CS 599
CSE 401,CSE 408,CSE 412,CSE 414,CSE 422,CSE 428,CSE 440,CSE 441,CSE 448,CSE 451,CSE 461,CSE 498,CSE 510,CSE 521,CSE 522,CSE 525,CSE 542,CSE 551,CSE 566
CW 100,CW 104,CW 106,CW 200,CW 202,CW 204,CW 206,CW 208,CW 243,CW 404,CW 406,CW 455,CW 460,CW 463,CW 504,CW 506,CW 560,CW 591,CW 595
CWL 119,CWL 122,CWL 191,CWL 199,CWL 207,CWL 208,CWL 216,CWL 220,CWL 226,CWL 230,CWL 242,CWL 252,CWL 253,CWL 254,CWL 255,CWL 257,CWL 259,CWL 260,CWL 267,CWL 273,CWL 275,CWL 276,CWL 311,CWL 317,CWL 321,CWL 413,CWL 417,CWL 478,CWL 493,CWL 496,CWL 502,CWL 504,CWL 512,CWL 562,CWL 571,CWL 578,CWL 593,CWL 599
CZCH 102
DANC 100,DANC 116,DANC 131,DANC 150,DANC 160,DANC 162,DANC 200,DANC 201,DANC 216,DANC 220,DANC 231,DANC 232,DANC 245,DANC 256,DANC 260,DANC 270,DANC 290,DANC 301,DANC 316,DANC 330,DANC 331,DANC 340,DANC 350,DANC 360,DANC 362,DANC 375,DANC 420,DANC 425,DANC 426,DANC 431,DANC 451,DANC 456,DANC 460,DANC 465,DANC 470,DANC 490,DANC 495,DANC 497,DANC 498,DANC 499,DANC 516,DANC 520,DANC 531,DANC 560,DANC 598
DTX 455,DTX 495,DTX 499
EALC 120,EALC 199,EALC 207,EALC 214,EALC 230,EALC 250,EALC 275,EALC 276,EALC 285,EALC 287,EALC 305,EALC 320,EALC 361,EALC 390,EALC 398,EALC 403,EALC 425,EALC 430,EALC 476,EALC 490,EALC 495,EALC 512,EALC 522,EALC 550,EALC 588,EALC 590,EALC 599
ECE 101,ECE 110,ECE 120,ECE 198,ECE 199,ECE 200,ECE 205,ECE 206,ECE 210,ECE 211,ECE 220,ECE 298,ECE 310,ECE 311,ECE 313,ECE 314,ECE 316,ECE 317,ECE 329,ECE 330,ECE 333,ECE 340,ECE 342,ECE 343,ECE 350,ECE 374,ECE 385,ECE 391,ECE 395,ECE 396,ECE 397,ECE 398,ECE 402,ECE 407,ECE 408,ECE 410,ECE 411,ECE 414,ECE 415,ECE 416,ECE 418,ECE 420,ECE 421,ECE 422,ECE 424,ECE 425,ECE 428,ECE 431,ECE 434,ECE 438,ECE 441,ECE 443,ECE 444,ECE 445,ECE 448,ECE 449,ECE 454,ECE 461,ECE 462,ECE 467,ECE 470,ECE 472,ECE 478,ECE 479,ECE 481,ECE 483,ECE 484,ECE 486,ECE 489,ECE 490,ECE 491,ECE 495,ECE 496,ECE 498,ECE 499,ECE 500,ECE 511,ECE 513,ECE 515,ECE 528,ECE 534,ECE 538,ECE 543,ECE 546,ECE 549,ECE 553,ECE 554,ECE 561,ECE 574,ECE 584,ECE 585,ECE 590,ECE 596,ECE 597,ECE 598,ECE 599
ECON 102,ECON 103,ECON 198,ECON 199,ECON 202,ECON 203,ECON 210,ECON 298,ECON 302,ECON 303,ECON 399,ECON 402,ECON 411,ECON 414,ECON 418,ECON 420,ECON 422,ECON 425,ECON 426,ECON 436,ECON 437,ECON 440,ECON 447,ECON 448,ECON 456,ECON 460,ECON 469,ECON 471,ECON 475,ECON 480,ECON 484,ECON 490,ECON 491,ECON 501,ECON 503,ECON 511,ECON 514,ECON 517,ECON 533,ECON 534,ECON 535,ECON 542,ECON 543,ECON 553,ECON 578,ECON 590,ECON 598,ECON 599
EDPR 199,EDPR 250,EDPR 410,EDPR 420,EDPR 432,EDPR 438,EDPR 442,EDPR 550
EDUC 199,EDUC 201,EDUC 202,EDUC 299,EDUC 499
EEB 599
EIL 199,EIL 411,EIL 445,EIL 460,EIL 465,EIL 488,EIL 512,EIL 591,EIL 599
ENG 100,ENG 101,ENG 110,ENG 111,ENG 177,ENG 198,ENG 199,ENG 211,ENG 298,ENG 299,ENG 310,ENG 377,ENG 398,ENG 411,ENG 471,ENG 491,ENG 498,ENG 510,ENG 571,ENG 572,ENG 573,ENG 580,ENG 591,ENG 598
ENGL 104,ENGL 109,ENGL 115,ENGL 116,ENGL 119,ENGL 120,ENGL 199,ENGL 200,ENGL 202,ENGL 204,ENGL 206,ENGL 207,ENGL 208,ENGL 209,ENGL 216,ENGL 218,ENGL 219,ENGL 224,ENGL 225,ENGL 245,ENGL 251,ENGL 253,ENGL 255,ENGL 259,ENGL 260,ENGL 265,ENGL 266,ENGL 269,ENGL 273,ENGL 276,ENGL 281,ENGL 285,ENGL 286,ENGL 290,ENGL 301,ENGL 311,ENGL 350,ENGL 357,ENGL 360,ENGL 373,ENGL 380,ENGL 390,ENGL 391,ENGL 396,ENGL 402,ENGL 412,ENGL 452,ENGL 455,ENGL 459,ENGL 460,ENGL 461,ENGL 462,ENGL 481,ENGL 498,ENGL 504,ENGL 505,ENGL 519,ENGL 564,ENGL 578,ENGL 581,ENGL 582,ENGL 591,ENGL 593,ENGL 599
ENSU 301
ENT 599
ENVS 101,ENVS 210,ENVS 220,ENVS 299,ENVS 301,ENVS 310,ENVS 420,ENVS 469,ENVS 491,ENVS 510,ENVS 514,ENVS 516,ENVS 596

EPOL 201,EPOL 202,EPOL 250,EPOL 310,EPOL 380,EPOL 395,EPOL 403,EPOL 409,EPOL 410,EPOL 421,EPOL 471,EPOL 472,EPOL 473,EPOL 474,EPOL 481,EPOL 482,EPOL 483,EPOL 486,EPOL 515,EPOL 517,EPOL 525,EPOL 528,EPOL 531,EPOL 534,EPOL 536,EPOL 540,EPOL 542,EPOL 547,EPOL 548,EPOL 549,EPOL 552,EPOL 557,EPOL 559,EPOL 562,EPOL 565,EPOL 570,EPOL 576,EPOL 579,EPOL 582,EPOL 583,EPOL 584,EPOL 586,EPOL 587,EPOL 588,EPOL 590,EPOL 591,EPOL 595,EPOL 597,EPOL 598,EPOL 599

EPSY 199,EPSY 201,EPSY 202,EPSY 203,EPSY 220,EPSY 222,EPSY 395,EPSY 398,EPSY 401,EPSY 402,EPSY 403,EPSY 405,EPSY 420,EPSY 470,EPSY 471,EPSY 480,EPSY 487,EPSY 490,EPSY 491,EPSY 511,EPSY 515,EPSY 520,EPSY 530,EPSY 535,EPSY 550,EPSY 554,EPSY 567,EPSY 581,EPSY 583,EPSY 586,EPSY 587,EPSY 590,EPSY 591,EPSY 595,EPSY 599
ERAM 550,ERAM 551,ERAM 556,ERAM 557,ERAM 571,ERAM 572,ERAM 575,ERAM 576
ESE 111,ESE 117,ESE 118,ESE 120,ESE 140,ESE 202,ESE 208,ESE 210,ESE 222,ESE 254,ESE 287,ESE 320,ESE 333,ESE 360,ESE 379,ESE 380,ESE 389,ESE 401,ESE 439,ESE 445,ESE 465,ESE 466,ESE 497,ESE 498
ESL 110,ESL 111,ESL 112,ESL 115,ESL 504,ESL 506,ESL 508,ESL 510,ESL 511,ESL 512,ESL 515,ESL 521,ESL 522,ESL 525,ESL 592,ESL 593
ETMA 100,ETMA 132,ETMA 199,ETMA 234,ETMA 262,ETMA 293,ETMA 295,ETMA 311,ETMA 339,ETMA 363,ETMA 381,ETMA 396,ETMA 421,ETMA 425,ETMA 439,ETMA 467,ETMA 496,ETMA 499,ETMA 594,ETMA 598,ETMA 599
EURO 199,EURO 415,EURO 418,EURO 500,EURO 502,EURO 590,EURO 599
FAA 110,FAA 201,FAA 202,FAA 299,FAA 330,FAA 398,FAA 431,FAA 491,FAA 497,FAA 550,FAA 597
FIN 199,FIN 221,FIN 230,FIN 241,FIN 300,FIN 321,FIN 380,FIN 390,FIN 391,FIN 392,FIN 393,FIN 394,FIN 411,FIN 412,FIN 415,FIN 418,FIN 419,FIN 423,FIN 432,FIN 434,FIN 435,FIN 443,FIN 445,FIN 446,FIN 461,FIN 463,FIN 464,FIN 490,FIN 494,FIN 495,FIN 500,FIN 501,FIN 502,FIN 503,FIN 504,FIN 511,FIN 512,FIN 513,FIN 514,FIN 515,FIN 518,FIN 521,FIN 526,FIN 527,FIN 529,FIN 532,FIN 536,FIN 537,FIN 543,FIN 550,FIN 555,FIN 557,FIN 558,FIN 559,FIN 570,FIN 571,FIN 573,FIN 574,FIN 580,FIN 589,FIN 590,FIN 593,FIN 594,FIN 599
FLTE 471,FLTE 478
FR 101,FR 102,FR 103,FR 104,FR 156,FR 199,FR 205,FR 207,FR 211,FR 212,FR 313,FR 319,FR 322,FR 390,FR 418,FR 460,FR 462,FR 481,FR 492,FR 501,FR 573,FR 578,FR 588,FR 591,FR 599
FSHN 101,FSHN 120,FSHN 125,FSHN 130,FSHN 145,FSHN 175,FSHN 193,FSHN 199,FSHN 201,FSHN 232,FSHN 249,FSHN 251,FSHN 260,FSHN 292,FSHN 293,FSHN 294,FSHN 295,FSHN 322,FSHN 329,FSHN 340,FSHN 346,FSHN 396,FSHN 398,FSHN 418,FSHN 423,FSHN 424,FSHN 425,FSHN 426,FSHN 427,FSHN 429,FSHN 442,FSHN 443,FSHN 459,FSHN 466,FSHN 471,FSHN 472,FSHN 481,FSHN 482,FSHN 499,FSHN 510,FSHN 511,FSHN 522,FSHN 573,FSHN 591,FSHN 592,FSHN 593,FSHN 595,FSHN 597,FSHN 598,FSHN 599
GC 295,GC 498,GC 500,GC 599
GEOL 107,GEOL 111,GEOL 117,GEOL 118,GEOL 199,GEOL 208,GEOL 333,GEOL 370,GEOL 390,GEOL 391,GEOL 407,GEOL 415,GEOL 432,GEOL 440,GEOL 450,GEOL 460,GEOL 490,GEOL 491,GEOL 492,GEOL 493,GEOL 497,GEOL 515,GEOL 517,GEOL 561,GEOL 572,GEOL 579,GEOL 591,GEOL 593,GEOL 599
GER 101,GER 102,GER 103,GER 104,GER 191,GER 199,GER 211,GER 212,GER 251,GER 261,GER 299,GER 321,GER 331,GER 418,GER 420,GER 460,GER 465,GER 489,GER 491,GER 496,GER 512,GER 573,GER 588,GER 593,GER 599
GGIS 100,GGIS 101,GGIS 204,GGIS 210,GGIS 222,GGIS 223,GGIS 224,GGIS 254,GGIS 280,GGIS 287,GGIS 370,GGIS 379,GGIS 380,GGIS 390,GGIS 391,GGIS 392,GGIS 407,GGIS 436,GGIS 439,GGIS 460,GGIS 465,GGIS 466,GGIS 476,GGIS 477,GGIS 478,GGIS 480,GGIS 489,GGIS 491,GGIS 495,GGIS 507,GGIS 517,GGIS 570,GGIS 590,GGIS 593,GGIS 594,GGIS 595,GGIS 598,GGIS 599
GLBL 100,GLBL 118,GLBL 199,GLBL 200,GLBL 225,GLBL 250,GLBL 251,GLBL 260,GLBL 270,GLBL 272,GLBL 283,GLBL 296,GLBL 298,GLBL 340,GLBL 392,GLBL 440,GLBL 450,GLBL 480,GLBL 483,GLBL 495,GLBL 499,GLBL 501
GMC 199
GRK 102,GRK 199,GRK 202,GRK 401,GRK 492,GRK 493,GRK 520,GRK 599
GRKM 202,GRKM 404,GRKM 454
GSD 101,GSD 103,GSD 199,GSD 202,GSD 390,GSD 399,GSD 405,GSD 411,GSD 490,GSD 504,GSD 597
GS 101,GS 102,GS 198,GS 299
GWS 100,GWS 199,GWS 201,GWS 202,GWS 218,GWS 235,GWS 255,GWS 263,GWS 275,GWS 281,GWS 285,GWS 305,GWS 335,GWS 350,GWS 356,GWS 357,GWS 361,GWS 380,GWS 390,GWS 392,GWS 399,GWS 409,GWS 416,GWS 417,GWS 418,GWS 432,GWS 442,GWS 454,GWS 465,GWS 467,GWS 478,GWS 490,GWS 495,GWS 512,GWS 540,GWS 580,GWS 590

HDFS 105,HDFS 108,HDFS 120,HDFS 140,HDFS 199,HDFS 206,HDFS 207,HDFS 208,HDFS 220,HDFS 221,HDFS 225,HDFS 259,HDFS 262,HDFS 263,HDFS 290,HDFS 291,HDFS 294,HDFS 295,HDFS 301,HDFS 305,HDFS 310,HDFS 322,HDFS 335,HDFS 396,HDFS 398,HDFS 404,HDFS 405,HDFS 408,HDFS 420,HDFS 424,HDFS 426,HDFS 444,HDFS 494,HDFS 521,HDFS 550,HDFS 591,HDFS 594,HDFS 595,HDFS 596,HDFS 598,HDFS 599
HEBR 199,HEBR 202,HEBR 404
HIST 100,HIST 105,HIST 120,HIST 142,HIST 143,HIST 168,HIST 170,HIST 171,HIST 172,HIST 173,HIST 199,HIST 200,HIST 202,HIST 203,HIST 205,HIST 219,HIST 236,HIST 241,HIST 251,HIST 252,HIST 263,HIST 264,HIST 273,HIST 276,HIST 279,HIST 280,HIST 283,HIST 285,HIST 293,HIST 300,HIST 312,HIST 337,HIST 345,HIST 350,HIST 352,HIST 354,HIST 365,HIST 379,HIST 381,HIST 389,HIST 390,HIST 398,HIST 399,HIST 425,HIST 468,HIST 475,HIST 488,HIST 490,HIST 491,HIST 492,HIST 493,HIST 498,HIST 499,HIST 502,HIST 504,HIST 521,HIST 535,HIST 572,HIST 591,HIST 594,HIST 596,HIST 597,HIST 598,HIST 599
HNDI 115,HNDI 202,HNDI 404,HNDI 406
HORT 100,HORT 105,HORT 199,HORT 223,HORT 341,HORT 361,HORT 393,HORT 395,HORT 396,HORT 430,HORT 435,HORT 499

HT 504,HT 511
HUM 111,HUM 199,HUM 390,HUM 492,HUM 495,HUM 498
IB 100,IB 103,IB 108,IB 150,IB 151,IB 199,IB 202,IB 271,IB 299,IB 302,IB 329,IB 335,IB 361,IB 390,IB 392,IB 416,IB 432,IB 433,IB 435,IB 439,IB 440,IB 442,IB 451,IB 453,IB 461,IB 476,IB 481,IB 490,IB 494,IB 496,IB 497,IB 502,IB 505,IB 512,IB 513,IB 526,IB 531,IB 542,IB 546
IE 199,IE 300,IE 310,IE 330,IE 340,IE 361,IE 370,IE 371,IE 397,IE 413,IE 420,IE 421,IE 497,IE 498,IE 510,IE 511,IE 519,IE 525,IE 527,IE 529,IE 531,IE 583,IE 590,IE 597,IE 598,IE 599
IHLT 102,IHLT 232,IHLT 375,IHLT 385,IHLT 391,IHLT 474,IHLT 475,IHLT 498
INFO 102,INFO 199,INFO 202,INFO 303,INFO 310,INFO 333,INFO 399,INFO 407,INFO 416,INFO 418,INFO 419,INFO 424,INFO 427,INFO 490,INFO 491,INFO 500,INFO 510,INFO 590,INFO 591,INFO 597,INFO 599
IS 100,IS 101,IS 107,IS 142,IS 189,IS 200,IS 202,IS 203,IS 204,IS 205,IS 206,IS 226,IS 234,IS 236,IS 249,IS 269,IS 299,IS 305,IS 308,IS 309,IS 310,IS 312,IS 316,IS 324,IS 327,IS 340,IS 357,IS 380,IS 381,IS 389,IS 390,IS 400,IS 401,IS 403,IS 407,IS 410,IS 413,IS 419,IS 420,IS 423,IS 430,IS 439,IS 445,IS 451,IS 453,IS 455,IS 457,IS 461,IS 467,IS 471,IS 477,IS 490,IS 494,IS 496,IS 497,IS 501,IS 504,IS 505,IS 507,IS 510,IS 514,IS 515,IS 517,IS 519,IS 523,IS 525,IS 527,IS 529,IS 530,IS 532,IS 534,IS 537,IS 540,IS 541,IS 542,IS 544,IS 547,IS 549,IS 551,IS 556,IS 557,IS 559,IS 561,IS 562,IS 563,IS 565,IS 567,IS 569,IS 571,IS 573,IS 577,IS 579,IS 580,IS 581,IS 582,IS 583,IS 585,IS 586,IS 589,IS 590,IS 591,IS 592,IS 593,IS 594,IS 595,IS 596,IS 597,IS 599
ITAL 101,ITAL 102,ITAL 103,ITAL 104,ITAL 199,ITAL 310,ITAL 390,ITAL 413,ITAL 415,ITAL 418,ITAL 435,ITAL 460,ITAL 489,ITAL 491,ITAL 588,ITAL 595,ITAL 599
JAPN 202,JAPN 204,JAPN 306,JAPN 410,JAPN 441
JOUR 102,JOUR 200,JOUR 205,JOUR 210,JOUR 215,JOUR 220,JOUR 280,JOUR 293,JOUR 310,JOUR 335,JOUR 340,JOUR 400,JOUR 425,JOUR 430,JOUR 440,JOUR 445,JOUR 451,JOUR 453,JOUR 454,JOUR 460,JOUR 471,JOUR 480,JOUR 482,JOUR 483,JOUR 490,JOUR 494,JOUR 495,JOUR 500,JOUR 501,JOUR 515,JOUR 590
JS 120,JS 231,JS 261,JS 495
KIN 100,KIN 101,KIN 102,KIN 103,KIN 104,KIN 108,KIN 109,KIN 111,KIN 120,KIN 122,KIN 125,KIN 140,KIN 142,KIN 150,KIN 199,KIN 201,KIN 210,KIN 230,KIN 247,KIN 249,KIN 259,KIN 261,KIN 262,KIN 268,KIN 340,KIN 345,KIN 346,KIN 351,KIN 352,KIN 355,KIN 362,KIN 363,KIN 369,KIN 375,KIN 385,KIN 386,KIN 387,KIN 391,KIN 393,KIN 420,KIN 442,KIN 443,KIN 444,KIN 448,KIN 449,KIN 452,KIN 470,KIN 474,KIN 485,KIN 494,KIN 501,KIN 551,KIN 557,KIN 590,KIN 591,KIN 599
KOR 202,KOR 204,KOR 222,KOR 242,KOR 306,KOR 441
LA 199,LA 221,LA 234,LA 242,LA 250,LA 281,LA 314,LA 336,LA 343,LA 345,LA 387,LA 390,LA 430,LA 434,LA 438,LA 446,LA 450,LA 480,LA 513,LA 534,LA 538,LA 539,LA 545,LA 587,LA 590,LA 597,LA 598,LA 599
LAS 102,LAS 199,LAS 220,LAS 279,LAS 291,LAS 292,LAS 299,LAS 399,LAS 494
LAST 170,LAST 180,LAST 210,LAST 395,LAST 445,LAST 490,LAST 597
LAT 101,LAT 102,LAT 199,LAT 201,LAT 202,LAT 401,LAT 491,LAT 492,LAT 493,LAT 520,LAT 599
LAW 199,LAW 303,LAW 305,LAW 499,LAW 500,LAW 501,LAW 599,LAW 600,LAW 601,LAW 603,LAW 604,LAW 606,LAW 607,LAW 615,LAW 624,LAW 631,LAW 633,LAW 642,LAW 644,LAW 648,LAW 653,LAW 656,LAW 657,LAW 660,LAW 664,LAW 670,LAW 679,LAW 680,LAW 682,LAW 683,LAW 684,LAW 685,LAW 686,LAW 687,LAW 692,LAW 693,LAW 694,LAW 696,LAW 697,LAW 699,LAW 701,LAW 792,LAW 793,LAW 794,LAW 795,LAW 796,LAW 797,LAW 798
LCTL 201
LEAD 116,LEAD 140,LEAD 260,LEAD 321,LEAD 425,LEAD 427,LEAD 460,LEAD 470
LER 100,LER 110,LER 120,LER 130,LER 199,LER 200,LER 300,LER 521,LER 532,LER 535,LER 536,LER 537,LER 542,LER 543,LER 545,LER 546,LER 550,LER 554,LER 558,LER 560,LER 561,LER 562,LER 564,LER 565,LER 566,LER 567,LER 568,LER 569,LER 570,LER 572,LER 580,LER 590,LER 591,LER 593,LER 597,LER 598,LER 599

LING 100,LING 115,LING 191,LING 199,LING 210,LING 221,LING 222,LING 225,LING 250,LING 270,LING 290,LING 291,LING 301,LING 302,LING 303,LING 304,LING 307,LING 321,LING 391,LING 400,LING 404,LING 406,LING 412,LING 413,LING 418,LING 427,LING 430,LING 446,LING 448,LING 462,LING 489,LING 490,LING 502,LING 514,LING 529,LING 541,LING 547,LING 560,LING 588,LING 590,LING 599
LLS 100,LLS 200,LLS 201,LLS 220,LLS 235,LLS 240,LLS 242,LLS 248,LLS 279,LLS 280,LLS 305,LLS 308,LLS 310,LLS 316,LLS 322,LLS 355,LLS 357,LLS 365,LLS 370,LLS 375,LLS 379,LLS 390,LLS 392,LLS 416,LLS 465,LLS 473,LLS 490,LLS 495,LLS 496,LLS 590,LLS 596
MACS 100,MACS 101,MACS 104,MACS 199,MACS 202,MACS 203,MACS 207,MACS 260,MACS 262,MACS 264,MACS 273,MACS 282,MACS 295,MACS 300,MACS 320,MACS 335,MACS 346,MACS 351,MACS 356,MACS 361,MACS 366,MACS 373,MACS 375,MACS 391,MACS 480,MACS 481,MACS 495,MACS 496,MACS 504,MACS 590
MATH 103,MATH 112,MATH 115,MATH 117,MATH 124,MATH 181,MATH 199,MATH 213,MATH 220,MATH 225,MATH 227,MATH 231,MATH 234,MATH 241,MATH 257,MATH 285,MATH 347,MATH 357,MATH 362,MATH 390,MATH 399,MATH 402,MATH 403,MATH 412,MATH 413,MATH 415,MATH 416,MATH 417,MATH 418,MATH 424,MATH 425,MATH 432,MATH 441,MATH 442,MATH 444,MATH 446,MATH 447,MATH 448,MATH 450,MATH 453,MATH 461,MATH 463,MATH 464,MATH 466,MATH 473,MATH 481,MATH 482,MATH 484,MATH 490,MATH 492,MATH 495,MATH 499,MATH 500,MATH 503,MATH 506,MATH 511,MATH 519,MATH 525,MATH 532,MATH 540,MATH 541,MATH 546,MATH 550,MATH 552,MATH 553,MATH 561,MATH 564,MATH 580,MATH 593,MATH 595,MATH 597,MATH 599
MBA 530,MBA 531,MBA 545,MBA 548,MBA 551,MBA 564,MBA 590,MBA 597,MBA 598
MCB 100,MCB 101,MCB 150,MCB 151,MCB 198,MCB 199,MCB 246,MCB 247,MCB 250,MCB 251,MCB 252,MCB 253,MCB 290,MCB 292,MCB 297,MCB 298,MCB 299,MCB 300,MCB 301,MCB 317,MCB 354,MCB 364,MCB 402,MCB 410,MCB 424,MCB 426,MCB 430,MCB 434,MCB 435,MCB 442,MCB 446,MCB 450,MCB 460,MCB 462,MCB 465,MCB 492,MCB 493,MCB 529,MCB 530,MCB 534,MCB 543,MCB 545,MCB 553,MCB 571,MCB 581,MCB 582,MCB 583,MCB 585
MDIA 299,MDIA 572,MDIA 590,MDIA 599
MDVL 201,MDVL 216,MDVL 252,MDVL 345,MDVL 410,MDVL 413,MDVL 500
ME 170,ME 199,ME 200,ME 270,ME 297,ME 310,ME 320,ME 330,ME 340,ME 360,ME 370,ME 371,ME 400,ME 404,ME 410,ME 412,ME 445,ME 446,ME 460,ME 470,ME 471,ME 481,ME 487,ME 496,ME 497,ME 498,ME 503,ME 510,ME 521,ME 531,ME 540,ME 544,ME 546,ME 547,ME 590,ME 597,ME 598,ME 599

MICR 590,MICR 595,MICR 599
MILS 102,MILS 114,MILS 202,MILS 214,MILS 302,MILS 314,MILS 324,MILS 325,MILS 342
MIP 590,MIP 595,MIP 599
MSE 183,MSE 199,MSE 206,MSE 280,MSE 304,MSE 308,MSE 396,MSE 397,MSE 402,MSE 404,MSE 405,MSE 420,MSE 422,MSE 441,MSE 450,MSE 455,MSE 456,MSE 458,MSE 460,MSE 466,MSE 473,MSE 474,MSE 487,MSE 492,MSE 495,MSE 497,MSE 498,MSE 499,MSE 529,MSE 552,MSE 559,MSE 580,MSE 583,MSE 590,MSE 595,MSE 597,MSE 598,MSE 599
MUSC 101,MUSC 102,MUSC 103,MUSC 105,MUSC 110,MUSC 111,MUSC 112,MUSC 113,MUSC 114,MUSC 115,MUSC 116,MUSC 117,MUSC 120,MUSC 121,MUSC 122,MUSC 123,MUSC 124,MUSC 125,MUSC 126,MUSC 127,MUSC 128,MUSC 129,MUSC 130,MUSC 131,MUSC 132,MUSC 133,MUSC 134,MUSC 135,MUSC 136,MUSC 137,MUSC 138,MUSC 300,MUSC 400,MUSC 401,MUSC 402,MUSC 403,MUSC 404,MUSC 405,MUSC 406,MUSC 407,MUSC 410,MUSC 411,MUSC 412,MUSC 413,MUSC 414,MUSC 415,MUSC 416,MUSC 417,MUSC 420,MUSC 421,MUSC 422,MUSC 423,MUSC 424,MUSC 425,MUSC 426,MUSC 427,MUSC 428,MUSC 429,MUSC 430,MUSC 431,MUSC 432,MUSC 433,MUSC 434,MUSC 435,MUSC 436,MUSC 437,MUSC 438,MUSC 448,MUSC 449,MUSC 450,MUSC 452,MUSC 453,MUSC 454,MUSC 455,MUSC 456,MUSC 457,MUSC 458,MUSC 460,MUSC 462,MUSC 463,MUSC 464,MUSC 465,MUSC 466,MUSC 468,MUSC 469,MUSC 470,MUSC 473,MUSC 474,MUSC 475,MUSC 476,MUSC 478,MUSC 480,MUSC 481,MUSC 482,MUSC 484,MUSC 488,MUSC 490,MUSC 491,MUSC 492,MUSC 493,MUSC 495,MUSC 496,MUSC 497,MUSC 498,MUSC 500,MUSC 501,MUSC 502,MUSC 503,MUSC 504,MUSC 505,MUSC 506,MUSC 507,MUSC 510,MUSC 511,MUSC 512,MUSC 513,MUSC 514,MUSC 515,MUSC 516,MUSC 517,MUSC 520,MUSC 521,MUSC 522,MUSC 523,MUSC 524,MUSC 525,MUSC 526,MUSC 527,MUSC 528,MUSC 529,MUSC 530,MUSC 531,MUSC 532,MUSC 533,MUSC 534,MUSC 535,MUSC 536,MUSC 537,MUSC 538
MUSE 250,MUSE 389,MUSE 390,MUSE 589
MUS 090,MUS 102,MUS 105,MUS 106,MUS 108,MUS 110,MUS 120,MUS 122,MUS 125,MUS 132,MUS 133,MUS 140,MUS 144,MUS 146,MUS 147,MUS 148,MUS 149,MUS 151,MUS 153,MUS 154,MUS 155,MUS 158,MUS 164,MUS 167,MUS 169,MUS 172,MUS 173,MUS 175,MUS 199,MUS 202,MUS 206,MUS 208,MUS 209,MUS 222,MUS 240,MUS 242,MUS 299,MUS 305,MUS 314,MUS 318,MUS 331,MUS 342,MUS 344,MUS 346,MUS 361,MUS 363,MUS 365,MUS 369,MUS 404,MUS 406,MUS 408,MUS 411,MUS 413,MUS 415,MUS 418,MUS 421,MUS 422,MUS 430,MUS 434,MUS 436,MUS 440,MUS 451,MUS 452,MUS 459,MUS 465,MUS 472,MUS 475,MUS 499,MUS 500,MUS 505,MUS 506,MUS 507,MUS 508,MUS 509,MUS 512,MUS 514,MUS 518,MUS 522,MUS 523,MUS 524,MUS 525,MUS 527,MUS 528,MUS 533,MUS 539,MUS 540,MUS 544,MUS 547,MUS 549,MUS 553,MUS 558,MUS 560,MUS 561,MUS 562,MUS 563,MUS 564,MUS 565,MUS 572,MUS 573,MUS 575,MUS 576,MUS 599
NE 330,NE 410,NE 420
NEUR 302,NEUR 405,NEUR 432,NEUR 445,NEUR 450,NEUR 462,NEUR 520,NEUR 543,NEUR 590,NEUR 598,NEUR 599
NPRE 101,NPRE 199,NPRE 247,NPRE 349,NPRE 397,NPRE 402,NPRE 421,NPRE 429,NPRE 441,NPRE 442,NPRE 451,NPRE 455,NPRE 458,NPRE 470,NPRE 475,NPRE 480,NPRE 483,NPRE 498,NPRE 511,NPRE 521,NPRE 531,NPRE 554,NPRE 558,NPRE 561,NPRE 596,NPRE 597,NPRE 598,NPRE 599
NRES 100,NRES 101,NRES 105,NRES 108,NRES 201,NRES 202,NRES 210,NRES 220,NRES 242,NRES 285,NRES 287,NRES 293,NRES 294,NRES 295,NRES 310,NRES 325,NRES 340,NRES 362,NRES 396,NRES 407,NRES 419,NRES 420,NRES 421,NRES 431,NRES 434,NRES 441,NRES 446,NRES 452,NRES 455,NRES 456,NRES 460,NRES 461,NRES 474,NRES 475,NRES 477,NRES 480,NRES 482,NRES 485,NRES 488,NRES 490,NRES 500,NRES 501,NRES 502,NRES 503,NRES 505,NRES 507,NRES 510,NRES 511,NRES 512,NRES 572,NRES 592,NRES 594,NRES 598,NRES 599
NS 100,NS 102,NS 204,NS 306,NS 308
NUTR 426,NUTR 427,NUTR 500,NUTR 510,NUTR 511,NUTR 520,NUTR 522,NUTR 526,NUTR 590,NUTR 591,NUTR 593,NUTR 599
PATH 290,PATH 410,PATH 439,PATH 520,PATH 530,PATH 542,PATH 545,PATH 546,PATH 547,PATH 551,PATH 552,PATH 556,PATH 557,PATH 558,PATH 559,PATH 575,PATH 576,PATH 577,PATH 578,PATH 579,PATH 590,PATH 592,PATH 596,PATH 598,PATH 599,PATH 692

PERS 202,PERS 404,PERS 454
PHIL 100,PHIL 101,PHIL 102,PHIL 103,PHIL 104,PHIL 105,PHIL 106,PHIL 107,PHIL 109,PHIL 110,PHIL 199,PHIL 201,PHIL 202,PHIL 203,PHIL 206,PHIL 222,PHIL 223,PHIL 231,PHIL 250,PHIL 307,PHIL 316,PHIL 380,PHIL 390,PHIL 411,PHIL 414,PHIL 419,PHIL 420,PHIL 421,PHIL 422,PHIL 424,PHIL 426,PHIL 430,PHIL 443,PHIL 454,PHIL 471,PHIL 492,PHIL 499,PHIL 511,PHIL 513,PHIL 547,PHIL 583,PHIL 590
PHYS 101,PHYS 102,PHYS 199,PHYS 211,PHYS 212,PHYS 213,PHYS 214,PHYS 221,PHYS 225,PHYS 325,PHYS 326,PHYS 370,PHYS 371,PHYS 394,PHYS 395,PHYS 401,PHYS 402,PHYS 403,PHYS 404,PHYS 419,PHYS 420,PHYS 427,PHYS 435,PHYS 436,PHYS 446,PHYS 460,PHYS 470,PHYS 486,PHYS 487,PHYS 495,PHYS 496,PHYS 497,PHYS 498,PHYS 504,PHYS 509,PHYS 523,PHYS 525,PHYS 535,PHYS 542,PHYS 560,PHYS 576,PHYS 581,PHYS 583,PHYS 595,PHYS 597,PHYS 598,PHYS 599
PLPA 200,PLPA 395
POL 102,POL 115,POL 199,POL 202
PORT 150,PORT 199,PORT 400,PORT 401,PORT 402,PORT 404,PORT 435,PORT 460,PORT 489,PORT 588,PORT 595,PORT 599
PSM 501,PSM 502,PSM 503,PSM 520,PSM 555
PS 100,PS 101,PS 125,PS 199,PS 201,PS 220,PS 224,PS 225,PS 230,PS 270,PS 273,PS 280,PS 282,PS 283,PS 300,PS 301,PS 302,PS 307,PS 316,PS 320,PS 321,PS 322,PS 355,PS 370,PS 372,PS 377,PS 386,PS 392,PS 398,PS 413,PS 415,PS 418,PS 456,PS 457,PS 458,PS 480,PS 490,PS 491,PS 494,PS 496,PS 519,PS 522,PS 523,PS 541,PS 585,PS 590,PS 596,PS 597,PS 598,PS 599
PSYC 100,PSYC 144,PSYC 201,PSYC 210,PSYC 216,PSYC 224,PSYC 225,PSYC 230,PSYC 235,PSYC 236,PSYC 238,PSYC 239,PSYC 245,PSYC 250,PSYC 290,PSYC 296,PSYC 301,PSYC 302,PSYC 311,PSYC 318,PSYC 322,PSYC 328,PSYC 329,PSYC 331,PSYC 333,PSYC 336,PSYC 339,PSYC 341,PSYC 353,PSYC 358,PSYC 363,PSYC 379,PSYC 396,PSYC 398,PSYC 402,PSYC 404,PSYC 420,PSYC 427,PSYC 432,PSYC 443,PSYC 445,PSYC 450,PSYC 455,PSYC 462,PSYC 465,PSYC 489,PSYC 492,PSYC 494,PSYC 496,PSYC 499,PSYC 500,PSYC 501,PSYC 507,PSYC 515,PSYC 529,PSYC 540,PSYC 543,PSYC 546,PSYC 563,PSYC 567,PSYC 570,PSYC 576,PSYC 577,PSYC 578,PSYC 579,PSYC 581,PSYC 587,PSYC 590,PSYC 593,PSYC 596,PSYC 598,PSYC 599
QUEC 411
REES 115,REES 200,REES 390,REES 493,REES 496,REES 590,REES 599
REHB 199,REHB 322,REHB 330,REHB 435
REL 109,REL 110,REL 112,REL 115,REL 120,REL 199,REL 208,REL 214,REL 231,REL 286,REL 287,REL 335,REL 343,REL 345,REL 418,REL 494,REL 495,REL 511,REL 590
RHET 102,RHET 105,RHET 199,RHET 233
RMLG 435
RST 100,RST 101,RST 120,RST 130,RST 180,RST 185,RST 199,RST 200,RST 205,RST 210,RST 216,RST 224,RST 225,RST 230,RST 240,RST 242,RST 255,RST 260,RST 280,RST 301,RST 316,RST 325,RST 335,RST 340,RST 346,RST 350,RST 354,RST 370,RST 393,RST 407,RST 410,RST 429,RST 430,RST 440,RST 441,RST 465,RST 480,RST 485,RST 501,RST 504,RST 515,RST 516,RST 519,RST 570,RST 585,RST 587,RST 590,RST 594,RST 599
RUSS 102,RUSS 122,RUSS 199,RUSS 202,RUSS 290,RUSS 302,RUSS 320,RUSS 402,RUSS 461,RUSS 493,RUSS 502,RUSS 521
SAME 150,SAME 199,SAME 208,SAME 214,SAME 272,SAME 590
SBC 504,SBC 505,SBC 506
SCAN 102,SCAN 104,SCAN 199,SCAN 225,SCAN 252,SCAN 493,SCAN 496,SCAN 593
SE 101,SE 199,SE 261,SE 290,SE 297,SE 310,SE 311,SE 312,SE 320,SE 397,SE 400,SE 411,SE 413,SE 422,SE 423,SE 424,SE 494,SE 495,SE 497,SE 520,SE 525,SE 590,SE 594,SE 597,SE 598,SE 599
SHS 120,SHS 121,SHS 170,SHS 191,SHS 199,SHS 200,SHS 221,SHS 222,SHS 240,SHS 271,SHS 291,SHS 301,SHS 321,SHS 352,SHS 375,SHS 380,SHS 385,SHS 390,SHS 395,SHS 427,SHS 473,SHS 475,SHS 477,SHS 481,SHS 482,SHS 511,SHS 532,SHS 533,SHS 534,SHS 551,SHS 552,SHS 553,SHS 554,SHS 556,SHS 557,SHS 561,SHS 563,SHS 574,SHS 575,SHS 576,SHS 577,SHS 578,SHS 591,SHS 592,SHS 593,SHS 594,SHS 595,SHS 599
SLAV 199,SLAV 399,SLAV 418,SLAV 502,SLAV 591,SLAV 599
SLCL 110

SOC 100,SOC 101,SOC 130,SOC 160,SOC 161,SOC 196,SOC 199,SOC 200,SOC 201,SOC 202,SOC 221,SOC 223,SOC 230,SOC 255,SOC 274,SOC 275,SOC 280,SOC 310,SOC 325,SOC 355,SOC 375,SOC 380,SOC 390,SOC 392,SOC 396,SOC 400,SOC 450,SOC 473,SOC 479,SOC 490,SOC 496,SOC 501,SOC 510,SOC 583,SOC 590,SOC 596,SOC 597,SOC 598,SOC 599
SOCW 199,SOCW 200,SOCW 240,SOCW 297,SOCW 299,SOCW 300,SOCW 310,SOCW 321,SOCW 330,SOCW 360,SOCW 370,SOCW 380,SOCW 401,SOCW 402,SOCW 403,SOCW 404,SOCW 410,SOCW 417,SOCW 418,SOCW 425,SOCW 427,SOCW 451,SOCW 455,SOCW 456,SOCW 457,SOCW 461,SOCW 470,SOCW 473,SOCW 480,SOCW 500,SOCW 503,SOCW 507,SOCW 508,SOCW 509,SOCW 510,SOCW 514,SOCW 515,SOCW 516,SOCW 519,SOCW 520,SOCW 522,SOCW 526,SOCW 531,SOCW 532,SOCW 533,SOCW 541,SOCW 542,SOCW 552,SOCW 553,SOCW 561,SOCW 579,SOCW 580,SOCW 581,SOCW 584,SOCW 589,SOCW 593,SOCW 594,SOCW 595,SOCW 599
SPAN 101,SPAN 102,SPAN 122,SPAN 130,SPAN 141,SPAN 142,SPAN 199,SPAN 200,SPAN 204,SPAN 208,SPAN 228,SPAN 232,SPAN 240,SPAN 242,SPAN 246,SPAN 248,SPAN 252,SPAN 254,SPAN 303,SPAN 305,SPAN 307,SPAN 308,SPAN 309,SPAN 310,SPAN 312,SPAN 316,SPAN 320,SPAN 326,SPAN 395,SPAN 399,SPAN 418,SPAN 433,SPAN 435,SPAN 437,SPAN 460,SPAN 462,SPAN 468,SPAN 489,SPAN 490,SPAN 491,SPAN 535,SPAN 588,SPAN 590,SPAN 595,SPAN 599
SPED 117,SPED 199,SPED 317,SPED 322,SPED 391,SPED 395,SPED 405,SPED 424,SPED 426,SPED 438,SPED 441,SPED 447,SPED 448,SPED 514,SPED 524,SPED 526,SPED 550,SPED 566,SPED 583,SPED 585,SPED 590,SPED 591,SPED 593,SPED 595,SPED 599
STAT 100,STAT 107,STAT 200,STAT 207,STAT 212,STAT 361,STAT 385,STAT 390,STAT 391,STAT 400,STAT 408,STAT 410,STAT 420,STAT 424,STAT 425,STAT 426,STAT 427,STAT 428,STAT 429,STAT 430,STAT 431,STAT 432,STAT 433,STAT 437,STAT 440,STAT 443,STAT 447,STAT 448,STAT 510,STAT 525,STAT 528,STAT 530,STAT 533,STAT 541,STAT 542,STAT 543,STAT 546,STAT 551,STAT 575,STAT 578,STAT 587,STAT 590,STAT 593,STAT 599
SWAH 202,SWAH 404,SWAH 406
TAM 199,TAM 210,TAM 211,TAM 212,TAM 251,TAM 252,TAM 270,TAM 297,TAM 324,TAM 335,TAM 412,TAM 428,TAM 445,TAM 456,TAM 497,TAM 498,TAM 500,TAM 532,TAM 534,TAM 536,TAM 539,TAM 542,TAM 552,TAM 557,TAM 561,TAM 597,TAM 598,TAM 599
TE 100,TE 110,TE 250,TE 333,TE 360,TE 390,TE 401,TE 440,TE 441,TE 450,TE 460,TE 461,TE 462,TE 466,TE 498,TE 565,TE 566,TE 567
THEA 100,THEA 101,THEA 110,THEA 119,THEA 122,THEA 151,THEA 170,THEA 175,THEA 199,THEA 200,THEA 208,THEA 212,THEA 218,THEA 222,THEA 223,THEA 231,THEA 262,THEA 275,THEA 276,THEA 300,THEA 304,THEA 359,THEA 364,THEA 375,THEA 376,THEA 377,THEA 378,THEA 391,THEA 392,THEA 399,THEA 400,THEA 406,THEA 407,THEA 408,THEA 411,THEA 417,THEA 418,THEA 419,THEA 421,THEA 422,THEA 425,THEA 426,THEA 428,THEA 429,THEA 431,THEA 434,THEA 438,THEA 441,THEA 444,THEA 446,THEA 447,THEA 450,THEA 454,THEA 455,THEA 456,THEA 462,THEA 469,THEA 475,THEA 476,THEA 477,THEA 478,THEA 479,THEA 482,THEA 490,THEA 491,THEA 493,THEA 495,THEA 496,THEA 498,THEA 522,THEA 550,THEA 559,THEA 562,THEA 571,THEA 572,THEA 573,THEA 574,THEA 591,THEA 595,THEA 599
TMGT 366,TMGT 461
TRST 410,TRST 430,TRST 432,TRST 500,TRST 502,TRST 503,TRST 505,TRST 540,TRST 542,TRST 580
TURK 202,TURK 270,TURK 406,TURK 490
UKR 102,UKR 199,UKR 202
UP 116,UP 136,UP 185,UP 199,UP 201,UP 204,UP 205,UP 210,UP 211,UP 230,UP 316,UP 347,UP 390,UP 397,UP 401,UP 406,UP 423,UP 426,UP 431,UP 434,UP 438,UP 446,UP 466,UP 475,UP 478,UP 480,UP 486,UP 494,UP 504,UP 505,UP 511,UP 519,UP 545,UP 546,UP 570,UP 576,UP 590,UP 591,UP 592,UP 596,UP 597,UP 598,UP 599
VCM 501,VCM 503,VCM 505,VCM 506,VCM 507,VCM 508,VCM 509,VCM 513,VCM 514,VCM 522,VCM 524,VCM 535,VCM 536,VCM 540,VCM 542,VCM 547,VCM 561,VCM 565,VCM 568,VCM 569,VCM 577,VCM 584,VCM 585,VCM 590,VCM 592,VCM 593,VCM 595,VCM 598,VCM 599,VCM 608,VCM 625,VCM 627,VCM 628,VCM 641,VCM 645,VCM 661,VCM 663,VCM 667,VCM 673,VCM 674,VCM 682,VCM 688,VCM 690,VCM 692
VM 603,VM 604,VM 606,VM 608,VM 612,VM 616,VM 617,VM 642,VM 645,VM 655,VM 656
WGGP 581
WLOF 202,WLOF 404,WLOF 406
WRIT 303

ZULU 202
